R,N,zipfs,k,diameter,clustering,assortativit
10,1000,0.8,4,8.0,0.01048054409633181,0.6755859380572079
