R,N,zipfs,k,diameter,clustering,assortativity
2,1000,0.5,4,6.0,0.008032566423145423,0.7229032375658623
2,1000,0.8,4,9.0,0.011498448622011315,0.8390939386233837
10,1000,0.5,4,6.0,0.01101369465980726,0.6716589450580748
10,1000,0.8,4,8.0,0.011058394160583941,0.5751789041692831
