R,N,zipfs,k,diameter,clustering,assortativity,smallManaPercent,partitionCostRatio
10,1000,0.8,4,8.0,0.008685001670192628,0.6427330285903539,0.26067603549677343,0.049548532520491545
